<?xml version="1.0" encoding="UTF-8"?>
<project-private xmlns="http://www.netbeans.org/ns/project-private/1">
    <editor-bookmarks xmlns="http://www.netbeans.org/ns/editor-bookmarks/2" lastBookmarkId="0"/>
    <open-files xmlns="http://www.netbeans.org/ns/projectui-open-files/2">
        <group>
            <file>file:/C:/Users/Khalil/Documents/NetBeansProjects/GestionnaireFichier/GestionnaireFichier/src/filemanager/MainApp.java</file>
            <file>file:/C:/Users/Khalil/Documents/NetBeansProjects/GestionnaireFichier/GestionnaireFichier/src/filemanager/FileManagerView.java</file>
            <file>file:/C:/Users/Khalil/Documents/NetBeansProjects/GestionnaireFichier/GestionnaireFichier/src/filemanager/FichierTag.java</file>
            <file>file:/C:/Users/Khalil/Documents/NetBeansProjects/GestionnaireFichier/GestionnaireFichier/src/filemanager/Fichier.java</file>
            <file>file:/C:/Users/Khalil/Documents/NetBeansProjects/GestionnaireFichier/GestionnaireFichier/src/filemanager/DatabaseManager.java</file>
            <file>file:/C:/Users/Khalil/Documents/NetBeansProjects/GestionnaireFichier/GestionnaireFichier/src/filemanager/NavigationHelper.java</file>
            <file>file:/C:/Users/Khalil/Documents/NetBeansProjects/GestionnaireFichier/GestionnaireFichier/src/filemanager/Tag.java</file>
        </group>
    </open-files>
</project-private>
